e, e_dot, e_int, stamp, 
-0.16478900018860362, 0.0, -0.032957800037720725, 189652000000, 
-0.16452430427696615, 0.0008823197054582307, -0.03294015364361156, 189924000000, 
-0.16744843587045055, -0.008864785606156425, -0.033117449355734685, 190026000000, 
-0.17486607794449718, -0.0344725788917701, -0.033789254539460925, 190128000000, 
-0.18325482117595468, -0.05268795101834709, -0.03503795566606016, 190196000000, 
-0.19286644717170298, -0.06000123075735266, -0.03673248975281032, 190298000000, 
-0.20353251838061448, -0.06759232401553267, -0.03864358578188481, 190400000000, 
-0.2154775443760553, -0.0753703240145077, -0.04079176732855818, 190502000000, 
-0.22940413156322723, -0.08623871060870915, -0.0432276129546598, 190604000000, 
-0.24468173985516312, -0.09734731826369275, -0.04597089438629638, 190706000000, 
-0.2638972766145739, -0.1149771501711556, -0.04919887653553094, 190808000000, 
-0.2077859050232791, 0.12298611610628007, -0.04775766143286774, 190910000000, 
-0.2247021769874027, 0.13065033209057073, -0.046425690575017046, 191012000000, 
-0.2468285312231992, -0.130142087333067, -0.04528777421559207, 191114000000, 
-0.2758718885833628, -0.17056570531986706, -0.049826839786264315, 191216000000, 
-0.3422037498347363, -0.31791739537179026, -0.05766027797608655, 191318000000, 
-0.43251184613886184, -0.5221331918516635, -0.07003916563713072, 191420000000, 
-0.32643086958625256, 0.05257626749494574, -0.0734097643706567, 191522000000, 
-0.16017303912424208, 0.9077960233820659, -0.061274383656623764, 191624000000, 
-0.2339341441710374, 0.30832241805071725, -0.048035870192102134, 191726000000, 
0.26832621342901153, 1.428330841844179, -0.008385397991084531, 191794000000, 
1.0281782392984709, 4.207041278231694, 0.07083802057042968, 191896000000, 
2.001629419563975, 5.777677353783211, 0.21987559148609714, 191998000000, 
2.129113107257862, 3.66978289319797, 0.34392805107468716, 192100000000, 
2.1504896002503124, 0.49620060228779145, 0.4187488084714766, 192202000000, 
2.18657127527094, 0.19152722671026043, 0.4310782655186076, 192304000000, 
2.2125801345331615, 0.20696844760949684, 0.43664273400362763, 192406000000, 
2.1668260405370994, -0.06581744911280236, 0.43773183002274674, 192508000000, 
2.119643253311311, -0.309789604072835, 0.43326996189210476, 192610000000, 
2.0886813037966396, -0.26048245580153245, 0.42501003984300334, 192712000000, 
2.0502604444735035, -0.23127602945935818, 0.4172390001054302, 192814000000, 
1.9872541318431636, -0.33809057317825353, 0.4084130586742205, 192916000000, 
1.9984233561154063, -0.17279029452699066, 0.40239586216213824, 193018000000, 
1.9757118686103246, -0.03847421077613008, 0.39742595710459294, 193120000000, 
1.963589436702441, -0.11611306470988476, 0.39584831076187815, 193222000000, 
1.9490817572052457, -0.08876703801692958, 0.3925588708345341, 193324000000, 
1.8448896534809596, -0.39566594407160444, 0.38383738982590976, 193392000000, 
1.8332646389271237, -0.3860570609270734, 0.37514906997422187, 193494000000, 
1.8191780804362976, -0.08570524348220661, 0.3664888248562921, 193596000000, 
1.807242425375108, -0.08674071184005205, 0.36397900964923524, 193698000000, 
1.8156205883037777, -0.011858307108399599, 0.36280273960767884, 193800000000, 
1.8147232865147878, 0.024936203798932393, 0.3625057533462449, 193902000000, 
1.7189174913447434, -0.3223436565301145, 0.35661742441088723, 194004000000, 
1.707408210820009, -0.3577169189825957, 0.34940326591196935, 194106000000, 
1.6937075137150628, -0.08403325876560193, 0.341335547725321, 194208000000, 
1.6763880200139947, -0.1034006360200479, 0.3385002496366044, 194310000000, 
1.6607493273786615, -0.10986062112133747, 0.33538965740718124, 194412000000, 
1.6686930733146224, -0.02564982233124106, 0.3337220280471519, 194514000000, 
1.6531084779364233, -0.025469498140793984, 0.33217005857531384, 194616000000, 
1.5634327919747664, -0.35086760446618664, 0.32568228954838746, 194718000000, 
1.5512638753419603, -0.33948200864821015, 0.31785367635021, 194820000000, 
1.5369375261266975, -0.08831755282689609, 0.31010894622956164, 194922000000, 
1.5184000563559175, -0.10954606328680949, 0.3071067638549717, 194990000000, 
1.499172049171226, -0.12588492318490538, 0.3036339754435894, 195092000000, 
1.491112184766376, -0.0909595719651383, 0.30057895268623464, 195194000000, 
1.4798617188526595, -0.06436776772855479, 0.2980097301860174, 195296000000, 
1.4698168584475126, -0.07098442106287776, 0.29605271747110323, 195398000000, 
1.4566891765316192, -0.0772418077368009, 0.29375785025545276, 195500000000, 
1.440583208854323, -0.09744549864396583, 0.2911392829222303, 195602000000, 
1.421040983742214, -0.11882730929801744, 0.28788755794187704, 195704000000, 
1.4015378862349117, -0.13015107539803727, 0.2842108052554299, 195806000000, 
1.38270435108148, -0.12778877553577983, 0.28035221473724037, 195908000000, 
1.3602766641493638, -0.13753740695182648, 0.276301260097717, 196010000000, 
1.3450991079733168, -0.1253508103605442, 0.27253867488027733, 196112000000, 
1.329143895020691, -0.10377589709557562, 0.26896797780955806, 196214000000, 
1.3137830998340168, -0.10438669379766674, 0.26586840685520163, 196316000000, 
1.2940438424545448, -0.11700017522048745, 0.26246472248728353, 196418000000, 
1.2741247090188672, -0.1321946360504985, 0.25879677675382856, 196520000000, 
1.2510228174100937, -0.14340341681483718, 0.25461275792556703, 196588000000, 
1.229430032181492, -0.14898225612458424, 0.2503051705740302, 196690000000, 
1.2047364276926817, -0.1542879657247065, 0.2456792851522845, 196792000000, 
1.1795795257560004, -0.1661683547516383, 0.2409163990420116, 196894000000, 
1.1546315272143564, -0.16701633492775128, 0.23592983204420256, 196996000000, 
1.1245908691822506, -0.1832955219124995, 0.23058679481017383, 197098000000, 
1.0915151758043442, -0.21038783803337383, 0.22471583814673007, 197200000000, 
1.0609652993859566, -0.21208523265431323, 0.21847142295817007, 197302000000, 
1.0282468864702907, -0.2108942977801783, 0.21204849077737278, 197404000000, 
0.9946009938181647, -0.2212143518926398, 0.20558754531162748, 197506000000, 
1.0982004238716536, 0.23317845800454298, 0.20806988694400727, 197608000000, 
1.0632869256493915, 0.22895310610408948, 0.21040588955594733, 197710000000, 
1.023116500052455, -0.25027974606399567, 0.2123069233049, 197812000000, 
0.979336447696303, -0.27983492651029507, 0.2043826582265433, 197914000000, 
0.8970998063322073, -0.42005564573415866, 0.19330351693873105, 198016000000, 
1.0080770126984815, 0.09580188334059492, 0.1923008844484661, 198118000000, 
0.9341708322436798, 0.12357008637157496, 0.18928984341829125, 198186000000, 
0.8474248970940167, -0.5355070520148827, 0.18597818280241185, 198288000000, 
0.7784063236795501, -0.519215028547099, 0.1706668035344831, 198390000000, 
0.9031757828445521, 0.18583628583511813, 0.1686004669078746, 198492000000, 
0.7874347435078431, 0.03009473276097685, 0.164601123335463, 198594000000, 
0.7169545460055593, -0.6207374561299761, 0.16050433815719697, 198696000000, 
0.5906134285067342, -0.6560710500036967, 0.13966684786800912, 198798000000, 
0.370434079932651, -1.1550682202430276, 0.11186680362966295, 198900000000, 
0.577132270310003, -0.04493719398910375, 0.10254531858329254, 199002000000, 
0.2503300830712659, -0.4003466562046169, 0.079859762220928, 199104000000, 
-0.12095050628193116, -2.3269425886397808, 0.047100789806622516, 199206000000, 
-0.3558440792866008, -2.020580541192889, -0.015097633499817735, 199308000000, 
-1.0198041837827971, -2.996178925002886, -0.0997732512900886, 199410000000, 
-1.1624290280462666, -2.6886164958655527, -0.16920515274104428, 199512000000, 
-1.119895919864899, -0.3336391202736729, -0.22014194211293084, 199614000000, 
-1.385747615397288, -0.7443952911700716, -0.24453817088723023, 199716000000, 
-1.098039925397231, 0.0728533148922265, -0.24024556404396122, 199818000000, 
-0.8877088956468129, 1.6601290658349175, -0.22476642909608877, 199886000000, 
-0.6592361946668494, 1.4626791024346055, -0.1763323343807262, 199988000000, 
-0.4892568900285996, 1.3281733520607109, -0.1357467986894841, 200090000000, 
-0.814132572267292, -0.5163212586681419, -0.13084171046418275, 200192000000, 
-0.5680568907322086, -0.2626666690120298, -0.12476309020187333, 200294000000, 
-0.3238903421566654, 1.6341407670354215, -0.11373865367707772, 200396000000, 
-0.6338580704578325, -0.2193372657520798, -0.1017203535564471, 200498000000, 
-0.14649073096438608, 0.5913320373075978, -0.07361594290525894, 200600000000, 
0.1218713925567788, 2.5190982100487043, -0.04389849392436265, 200702000000, 
0.09180935306524624, 0.7943336134321077, 0.004479334310509263, 200804000000, 
0.37470709639197325, 0.8427856794506482, 0.03922585613426655, 200906000000, 
0.4517458652495497, 1.1997883739476782, 0.06121748764711795, 201008000000, 
0.8789764493905079, 1.6808978433284487, 0.11369529406880205, 201110000000, 
0.9501524076746783, 1.6613551414170955, 0.1520583148209824, 201212000000, 
0.8586415087715483, -0.06778313539653191, 0.1791846910557823, 201314000000, 
0.6592729466854907, -0.969598203297292, 0.16453779087544784, 201416000000, 
1.049568945104637, 0.6364247877769624, 0.17116556003744507, 201484000000, 
0.8007253173120188, 0.4715079020884268, 0.16730448060680977, 201586000000, 
0.6274074754597332, -1.4072048988163461, 0.16518011585842593, 201688000000, 
0.9465279720437174, 0.48600884910566206, 0.1583107176543646, 201790000000, 
0.6924077498621202, 0.21666758134128994, 0.15108954649103806, 201892000000, 
0.5099501990117299, -1.4552592434399585, 0.1432590613945045, 201994000000, 
0.8830878322529777, 0.6356002746361917, 0.13902971874178852, 202096000000, 
0.5293395812309092, 0.06463127406393099, 0.12815850749970778, 202198000000, 
0.8427233423331082, -0.1345482997328983, 0.150343383721133, 202300000000, 
0.7251381030725962, 0.65266173947229, 0.13981340177577423, 202402000000, 
0.9223201858121644, 0.26532281159685384, 0.16601210874785793, 202504000000, 
0.6658644402403302, -0.1975788761075533, 0.15422151527500602, 202606000000, 
0.5123818332090031, -1.366461175343871, 0.14003776395076653, 202708000000, 
0.8000901578050301, 0.4474190585489997, 0.13188909541695756, 202810000000, 
0.5642297196032793, 0.1728262879809206, 0.12511344737448749, 202912000000, 
0.3616098623411744, -1.461600984879519, 0.11506198264996557, 203014000000, 
0.6835039940169058, 0.39758091471208834, 0.1072895717307573, 203082000000, 
0.47993054277016345, 0.39440226809663015, 0.10166962660854957, 203184000000, 
0.33683507147645986, -1.1555630751348196, 0.10001797388423526, 203286000000, 
0.6807848533750818, 0.669514368683061, 0.099836697841447, 203388000000, 
0.5096703565328008, 0.5761176168544698, 0.10181935209228948, 203490000000, 
0.3406855309083531, -1.133664408222429, 0.10207604938774904, 203592000000, 
0.3297467550231426, -0.5997453383655272, 0.07867350949761975, 203694000000, 
0.577867960667349, 0.7906080991966532, 0.083220016439923, 203796000000, 
0.40220298862558074, 0.2415207786747938, 0.08732118028773815, 203898000000, 
0.3597226716920377, -0.7271509632510377, 0.08931957473233117, 204000000000, 
0.27404175755812343, -0.42720410355819105, 0.06906449452504945, 204102000000, 
0.36912291724124136, 0.03133415183067886, 0.06685915643276016, 204204000000, 
0.21202187556487273, -0.20673293997750233, 0.057012436690949166, 204306000000, 
0.20928675342737474, -0.5327872127128886, 0.05269543641556592, 204408000000, 
0.1730474552822241, -0.12991473427549546, 0.03962373895163143, 204510000000, 
0.24389318448062763, 0.11535477017750966, 0.04174849287934843, 204612000000, 
0.1586137211225826, -0.048112447198804996, 0.03837029072569562, 204714000000, 
0.13901652878491427, -0.3495888523190445, 0.036101562292541634, 204782000000, 
0.20864101591735584, 0.16675764931591083, 0.033751417721656844, 204884000000, 
0.13191284075463233, -0.0236789601009398, 0.03197135903046016, 204986000000, 
0.2572069443653129, 0.16188642815985677, 0.0398507200691534, 205088000000, 
0.18680337295023663, 0.1829684406520143, 0.03839487720467879, 205190000000, 
0.11419120298690905, -0.47671913792801285, 0.037213434686830575, 205292000000, 
0.2252883625288778, 0.12828329859547052, 0.03508552923106823, 205394000000, 
0.10933179142847921, -0.01619803852809946, 0.029920757129617736, 205496000000, 
0.036676169268998304, -0.628707310866265, 0.024753088215090355, 205598000000, 
0.1614923652197371, 0.17386857930419294, 0.020500021727814306, 205700000000, 
0.05571437923583433, 0.06346069988945342, 0.01692552758163798, 205802000000, 
0.01078153749795735, -0.5023694257392658, 0.015199218796901918, 205904000000, 
0.0396970333393139, -0.053391152988401434, 0.007079530004873705, 206006000000, 
0.025459994503112204, 0.04892819001718285, 0.00506257102269223, 206108000000, 
-0.010613643836584807, -0.1677022572529957, 0.00363622560038942, 206210000000, 
0.02504276046894749, -0.0013907801138823839, 0.0026592740756983257, 206312000000, 
0.00931781219969502, 0.06643818678759943, 0.0015831285888038467, 206380000000, 
-0.0007991785330781487, -0.0861397966734188, 0.002237426275704291, 206482000000, 
0.01480634900924327, 0.018295122698494166, 0.0015549988450573426, 206584000000, 
0.02304154944478959, 0.07946909325955913, 0.0024699146613969807, 206686000000, 
0.015098137359776942, 0.0009726278351122423, 0.0035297357209206535, 206788000000, 
0.026019436681923136, 0.009926290790445158, 0.004277274899099311, 206890000000, 
0.048977249193629724, 0.11293037277950928, 0.006006321549021987, 206992000000, 
0.03344519532826806, 0.024752528821149755, 0.007229458746921395, 207094000000, 
0.031118891384685876, -0.05952785936314616, 0.007569422393772244, 207196000000, 
0.06695284991729006, 0.11169218196340665, 0.008767795775349599, 207298000000, 
0.03457547961937962, 0.01152196078231249, 0.008843148061423703, 207400000000, 
0.023482799983101543, -0.14490016644729506, 0.008334075301318081, 207502000000, 
0.0643650749206735, 0.09929865100431294, 0.008161556968210311, 207604000000, 
0.02405038716737551, 0.0018919572809132184, 0.007459884138076704, 207706000000, 
0.010594507813359522, -0.1792352236910466, 0.006600664660093902, 207808000000, 
0.04750639820570601, 0.07818670346110168, 0.00547675287909607, 207910000000, 
0.009909706470022539, -0.0022826711444566086, 0.004534040832605872, 207978000000, 
0.0023445430756235397, -0.1505395171002749, 0.003984043183423473, 208080000000, 
0.024066730947709003, 0.04719008159228821, 0.0024213986995570056, 208182000000, 
-0.027541639170334475, -0.09962060748652672, -7.53576764667955e-05, 208284000000, 
-0.030275989703920703, -0.181142402172099, -0.002250059861769745, 208386000000, 
-0.03327639860976672, -0.01911586479810749, -0.00607293516560146, 208488000000, 
-0.04265986853019965, -0.041279596087596494, -0.007080817122925805, 208590000000, 
-0.03365148253386557, -0.0012502797469961708, -0.007305849978255463, 208692000000, 
-0.04845110510886058, -0.019304121928869766, -0.008317497078195053, 208794000000, 
-0.035019701663095815, -0.004560730430767472, -0.007808152620388131, 208896000000, 
-0.0220370431370267, 0.08804687323944627, -0.007033856660598873, 208998000000, 
-0.04720339256619399, -0.040612303010327255, -0.006950675824421101, 209100000000, 
-0.022426841816609866, -0.001299328931943881, -0.00611115183465537, 209202000000, 
-0.010652545047723172, 0.12183615839490274, -0.005352185295368468, 209304000000, 
-0.03334793201680458, -0.036403634000649054, -0.004428487925409175, 209406000000, 
-0.01185246444246052, -0.003999731315791159, -0.003723529433799218, 209508000000, 
-0.005389758361346364, 0.09319391218486073, -0.0033726769880407645, 209576000000, 
-0.02086169986226405, -0.030030784732678433, -0.0025402615110713955, 209678000000, 
-0.005138078098975596, 0.0008389342079025605, -0.0020926357548390674, 209780000000, 
-0.002167316163340538, 0.062314612329745035, -0.0018778062749720123, 209882000000, 
-0.015214429940876073, -0.03358783947300159, -0.0015013216135461472, 209984000000, 
-0.007062399506122252, -0.01631694447593905, -0.0016296097073559242, 210086000000, 
-0.014439452288109611, 0.0025832588425548733, -0.0024477521156738625, 210188000000, 
-0.016253721216359485, -0.030637739034124107, -0.00251703820070609, 210290000000, 
-0.010351726866992539, 0.013625751403723574, -0.0027363266914307758, 210392000000, 
-0.019043621892885387, -0.00929966892175301, -0.003043271331749161, 210494000000, 
-0.014079425748138252, -0.012425662937152379, -0.002898318300534412, 210596000000, 
-0.008537293855223282, 0.035021093458873685, -0.0027773560997497947, 210698000000, 
-0.019541597014119172, -0.018207237553269733, -0.0028105544411653805, 210800000000, 
-0.01159271858261135, -0.010184749091293558, -0.002644773963463587, 210902000000, 
-0.006845997608902921, 0.04231866468405417, -0.0025320208803755627, 211004000000, 
-0.017032272049928576, -0.01813184489105742, -0.002364732549429523, 211106000000, 
-0.008752260446300064, -0.006354209457990478, -0.0021753686736754375, 211208000000, 
-0.0054551650465046175, 0.03859035667807986, -0.0020826465028488837, 211276000000, 
-0.014083493483864173, -0.017770776791880365, -0.001886061265111257, 211378000000, 
-0.006312311806230264, -0.0028571558657521554, -0.001723398022439937, 211480000000, 
-0.013485659385230164, 0.0019927803287800305, -0.0022587643116883066, 211582000000, 
-0.010175545254240026, -0.012877444826699206, -0.0019982344297133636, 211684000000, 
-0.004463374138632126, 0.030074284155326796, -0.0018749719185401543, 211786000000, 
-0.008416894134563424, 0.005862170398922006, -0.0015370542351623717, 211888000000, 
-0.0037153110837576664, 0.002493543516248198, -0.0011063719571302144, 211990000000, 
4.8507675470821354e-05, 0.028218006033447485, -0.0008055798361900179, 212092000000, 
-0.003870998636437195, -0.0005189585089317624, -0.000502520136314936, 212194000000, 
-0.0012050544264854413, -0.004178540339854209, -0.0003351696924967877, 212296000000, 
0.00034002242263891924, 0.014036736863587048, -0.00031573537601891445, 212398000000, 
-0.00237420940401456, -0.003897183258430396, -0.0002159494271907388, 212500000000, 
-0.0007415380534303018, -0.0036052015868974032, -0.0001850483356537295, 212602000000, 
-0.0010227134060905585, 0.004504986659746672, -0.00027589739090236136, 212670000000, 
-0.0017478211208646899, -0.0033542768914479604, -0.00023413817202570333, 212772000000, 
-0.0007704728069118927, 0.0008408019972622194, -0.00023606715559114274, 212874000000, 
-0.0009228747757506484, 0.0027498211503801384, -0.0002294112469018154, 212976000000, 
-0.00030793488711794437, 0.0015417930659798278, -0.00013341883131869902, 213078000000, 
0.0008317475458885504, 0.005848741072130663, -2.660414113200282e-05, 213180000000, 
0.001323410805465497, 0.005437818975278137, 0.00012314823094907354, 213282000000, 
0.0022514034950308903, 0.004732186497141133, 0.00029377078975899583, 213384000000, 
0.004784321406349323, 0.011536368669612754, 0.0005572757137897141, 213486000000, 
0.004398841241160523, 0.007158125820432108, 0.0007623044095027157, 213588000000, 
0.0043461714938862195, -0.0014604997082103461, 0.0009019556094264044, 213690000000, 
0.008048042308620773, 0.012164003558200834, 0.0011195370029111677, 213792000000, 
0.006060158255140169, 0.005713289204179832, 0.0012302914705098107, 213894000000, 
0.005336783564483749, -0.009037529147123413, 0.0012963322752163127, 213996000000, 
0.01042255659013408, 0.014541327783313037, 0.0014546332273171999, 214098000000, 
0.0074083030354985535, 0.006905064903382681, 0.0015445095460077589, 214200000000, 
0.015533905805253323, 0.017037830717064145, 0.0022243176953923973, 214302000000, 
0.011480977741937792, 0.013575582354797463, 0.0022948791055126447, 214370000000, 
0.00826998807046564, -0.024213059115958946, 0.0023523247745104504, 214472000000, 
0.0160424946345879, 0.015205056308833695, 0.002386230696466089, 214574000000, 
0.010344291887219748, 0.0069143460558470276, 0.002310451639484886, 214676000000, 
0.007587637820241189, -0.028182856047822374, 0.002264961622803256, 214778000000, 
0.01777971877579887, 0.02478475629526374, 0.002380776565550654, 214880000000, 
0.011859614650397365, 0.014239922767187255, 0.0024817980830958283, 214982000000, 
0.02518048886544033, 0.024669233632138205, 0.0036546548194424378, 215084000000, 
0.019487951366434608, 0.025427789053457477, 0.003768536992151487, 215186000000, 
0.013471744463925683, -0.03902914800504883, 0.0038760123130533747, 215288000000, 
0.024751846462107818, 0.017546316985577366, 0.0038474361528312074, 215390000000, 
0.015206769848165491, 0.005783417947466026, 0.003562024051613266, 215492000000, 
0.01031710881032738, -0.04811579217260146, 0.003351715008040046, 215594000000, 
0.024621650311391408, 0.03138293487741972, 0.0033430352646589517, 215696000000, 
0.016619153252123153, 0.021006814805985912, 0.0034371941582561293, 215798000000, 
0.03420215212380184, 0.03193500604136812, 0.0050295303791544265, 215900000000, 
0.026529963824999503, 0.03303603524292117, 0.005156751280061633, 215968000000, 
0.018222276224362566, -0.053266252998130925, 0.005263626144877594, 216070000000, 
0.033666211972384175, 0.023787493824615574, 0.0052278968014497496, 216172000000, 
0.02219705056565674, 0.013249247804313913, 0.004939035917493565, 216274000000, 
0.015938594984858667, -0.05909205662508502, 0.004786790501526639, 216376000000, 
0.035897682583094837, 0.045668773391460325, 0.004935555208907349, 216478000000, 
0.02479551943385233, 0.029523081496645547, 0.005108786466787056, 216580000000, 
0.047416250913859925, 0.038395227769216965, 0.007207296862053806, 216682000000, 
0.038254089138171576, 0.04486189901439749, 0.007364390632392255, 216784000000, 
0.026611574992695508, -0.06934891973721473, 0.0074854610029818, 216886000000, 
0.04505833528130354, 0.02268082047710655, 0.007328266627478042, 216988000000, 
0.02904551597786853, 0.008113136617243407, 0.006714361750124505, 217090000000, 
0.060110903748035016, 0.05017522822243825, 0.008947650333813806, 217192000000, 
0.04116831562514667, 0.04040933215759379, 0.008688315690070014, 217294000000, 
0.026515172897573436, -0.1119857695015386, 0.008519626151383675, 217396000000, 
0.05064891178147368, 0.03160198718775672, 0.007888826686946251, 217498000000, 
0.025520397161623687, -0.0033159191198324964, 0.006845632122711387, 217600000000, 
0.014795928453392171, -0.11950994442693837, 0.00606434915976597, 217668000000, 
0.037966139551357136, 0.041485807965778165, 0.005218831011091533, 217770000000, 
0.020007939791044704, 0.017373371125508446, 0.004851333853052934, 217872000000, 
0.04428086355054056, 0.02104907999727808, 0.006816996192862827, 217974000000, 
0.03573964236841898, 0.05243900859124758, 0.006668563047333616, 218076000000, 
0.01873880701983005, -0.0851401884357017, 0.0065839541959193055, 218178000000, 
0.03060226493735041, -0.017124591436895226, 0.005672047621706629, 218280000000, 
0.017641223915611903, -0.003658610347393824, 0.004465486391519491, 218382000000, 
0.033546580175126406, 0.009814384125919987, 0.005452671268539248, 218484000000, 
0.02505884221356741, 0.024725394326518362, 0.005083109753620381, 218586000000, 
0.017721295354030497, -0.052750949403653026, 0.005088447849514954, 218688000000, 
0.03150873342511251, 0.021499637371817, 0.004952591399514028, 218790000000, 
0.019468321775948816, 0.005823421406394395, 0.004579890037006122, 218892000000, 
0.013397720228545684, -0.06037004398855609, 0.004291651695307134, 218994000000, 
0.03061499199946799, 0.037155567411730574, 0.004232068933597499, 219096000000, 
0.020920683677157992, 0.025076544828707692, 0.004328893060344777, 219198000000, 
0.04339632424274986, 0.04260444081093958, 0.006328799994625056, 219266000000, 
0.03462214063511604, 0.04567152319319349, 0.006595943237001593, 219368000000, 
0.02574278635273325, -0.058845126300055374, 0.00691741674870661, 219470000000, 
0.04697741780089543, 0.04118425721926463, 0.007156156319249648, 219572000000, 
0.03231944500653244, 0.021922195512663983, 0.007002643277344074, 219674000000, 
0.023983160303555295, -0.07664752499113377, 0.006885334874065545, 219776000000, 
0.049672545279212665, 0.05784366757560074, 0.007065010039286694, 219878000000, 
0.035177126225354294, 0.037313219739329995, 0.007255522120541483, 219980000000, 
0.06619076746118718, 0.055060740606581726, 0.010069362597716942, 220082000000, 
0.053976448917009756, 0.06266440897218488, 0.010356289506903416, 220184000000, 
0.03854406447157793, -0.09215567663203084, 0.010580752056651658, 220286000000, 
0.06450461068356766, 0.03509387255519303, 0.010468341604810357, 220388000000, 
0.04244569776251739, 0.013005444303131516, 0.009699624861177533, 220490000000, 
0.08462344521711612, 0.06706278177849485, 0.012771583577546744, 220592000000, 
0.06018453130113971, 0.059129445128741076, 0.012483578285384881, 220694000000, 
0.04089887180203777, -0.14574857805026117, 0.01238045655468624, 220796000000, 
0.07596697749942355, 0.05260815399427946, 0.011803358706840069, 220864000000, 
0.04609554222146556, 0.01732223473142595, 0.010864092768195124, 220966000000, 
0.031152665296979687, -0.14938104067481286, 0.01021434566785792, 221068000000, 
0.06418609350997079, 0.060301837628350764, 0.009428953401894402, 221170000000, 
0.03854286529476536, 0.02463399999261891, 0.008925441606781055, 221272000000, 
0.07877513365643912, 0.04863013382156112, 0.012100272830745018, 221374000000, 
0.06816207936765917, 0.09873071357631269, 0.01236533855459091, 221476000000, 
0.04804754119724991, -0.10242530819729738, 0.012998983614756546, 221578000000, 
0.08143085382691406, 0.044229248197516315, 0.013176031626121543, 221680000000, 
0.05456579797023786, 0.021727522576626506, 0.012269612866293456, 221782000000, 
0.10818771721046067, 0.089189544611822, 0.016278957933840838, 221884000000, 
0.07596662443535512, 0.07133608821705754, 0.015914675974403575, 221986000000, 
0.0496096864170853, -0.19526010264458457, 0.015584268537526738, 222088000000, 
0.09494281519846576, 0.06325396921036879, 0.014701275070060412, 222190000000, 
0.048768714460965035, -0.0028032398537342074, 0.012888081071767738, 222292000000, 
0.026202217078173717, -0.22913532706764014, 0.011327583115840301, 222394000000, 
0.06540508814318957, 0.055454578940748456, 0.00935840131215522, 222462000000, 
0.025717949544116048, -0.0016142251135255654, 0.007821683651031955, 222564000000, 
0.06316483369808845, -0.007467514817003733, 0.010285858092359604, 222666000000, 
0.03752686521754256, 0.03936305224475504, 0.00842730989731647, 222768000000, 
0.005584179152887336, -0.1919355151506704, 0.007085058537901223, 222870000000, 
0.006722843340369544, -0.10268007292391006, 0.0033222591807199626, 222972000000, 
-0.0097149302243828, -0.050997031257567126, 0.000172806151258272, 223074000000, 
-0.02133097524915417, -0.09351272863174571, -0.0016215374755444952, 223176000000, 
-0.01651245179974853, -0.022658405251219094, -0.0031705571515523666, 223278000000, 
-0.01599503730588847, 0.01778645981088567, -0.003589230956986078, 223380000000, 
-0.03741751750188149, -0.06968355234044321, -0.004661667107167899, 223482000000, 
-0.016764620352320125, -0.002565276821438848, -0.004678478344006006, 223584000000, 
-0.007986846046428353, 0.0981022381848438, -0.004144598926708665, 223686000000, 
-0.02076510489216038, -0.01333494846613418, -0.0030344380860605905, 223788000000, 
0.002070820122028416, 0.0335255538948559, -0.0017787420544373544, 223890000000, 
0.010523099392023172, 0.10429401428061184, -0.0005447456918739194, 223992000000, 
0.005761356049384159, 0.012301786424519142, 0.001223685037562383, 224094000000, 
0.018101155385377543, 0.02526018664451457, 0.0022923740551189916, 224162000000, 
0.03430228727693563, 0.09513643742517157, 0.0038776532474464886, 224264000000, 
0.026531433693802953, 0.028100927694751365, 0.005262325090407741, 224366000000, 
0.028599704990987906, -0.01900860761982574, 0.005962228397448433, 224468000000, 
0.0517609337941643, 0.08409833366787116, 0.0071261381652636775, 224570000000, 
0.032774675688653665, 0.013916568992219195, 0.007542354298253725, 224672000000, 
0.02733360584485789, -0.08142442649768804, 0.007457947688511724, 224774000000, 
0.05448137840359041, 0.0723556757164558, 0.007639310662473464, 224876000000, 
0.03357167961892682, 0.020793579246896437, 0.0076924442578250075, 224978000000, 
0.07482964462083519, 0.0678275540574826, 0.01085884684289016, 225080000000, 
0.055877186012665114, 0.07435168797912765, 0.010951900683495141, 225182000000, 
0.03743674699610122, -0.12464299208244656, 0.011209571841973435, 225284000000, 
0.07297119294213372, 0.056980023098228694, 0.011085675063393337, 225386000000, 
0.04312192864555908, 0.018950605498192868, 0.010235324572252935, 225488000000, 
0.026936563549553094, -0.15344876464193544, 0.00953531234248306, 225590000000, 
0.0697475790096308, 0.08875216788023906, 0.009320404746982865, 225692000000, 
0.04204156204553039, 0.050349994986590985, 0.009248380306980952, 225760000000, 
0.03396363501725047, -0.11927981330793443, 0.009716851738160778, 225862000000, 
0.07266965157866878, 0.10209363177712798, 0.009911656576096642, 225964000000, 
0.04049714206608401, 0.02177835682944514, 0.009808695244133551, 226066000000, 
0.08269531991944423, 0.0334188944692515, 0.013057474237613135, 226168000000, 
0.0704504729689931, 0.09984443634303027, 0.01290952899696809, 226270000000, 
0.03820775271456989, -0.14829189068291448, 0.01275690304020048, 226372000000, 
0.06144762621101868, -0.030009489193248046, 0.011340390126305444, 226474000000, 
0.031551461162930894, -0.02218763850546331, 0.008747122672567964, 226576000000, 
0.009411489059195088, -0.17345379050607865, 0.006827371762209644, 226678000000, 
0.03951829694711656, 0.02655611928061889, 0.0053654164779495025, 226780000000, 
0.022145512693751535, 0.042446745448521485, 0.004738353246670879, 226882000000, 
0.0435110024518966, 0.013309018349266788, 0.007011654139517646, 226984000000, 
0.04090521747838671, 0.06253234928211726, 0.00710411550826899, 227086000000, 
0.02909476888300433, -0.04805411189630756, 0.007567399254219176, 227188000000, 
0.04710323308980191, 0.020660052038050658, 0.007806881296746197, 227290000000, 
0.03773411006675781, 0.02879780394584493, 0.007595474135970936, 227358000000, 
0.030154913989698107, -0.05649439700034601, 0.007666150476417188, 227460000000, 
0.06115931076684583, 0.07808400233362674, 0.00860322232155345, 227562000000, 
0.04701216031795491, 0.056190821094189346, 0.00922175900496659, 227664000000, 
0.04106990237019986, -0.06696469465548656, 0.00994942489700004, 227766000000, 
0.08029524195688975, 0.11094360546311614, 0.011225153643002968, 227868000000, 
0.059169195469846, 0.06033097699882047, 0.012035622653129041, 227970000000, 
0.12237846055644652, 0.1402773953318559, 0.017456193198878818, 228072000000, 
0.09381627301691775, 0.11549025849023915, 0.01835759526954735, 228174000000, 
0.06666485384551973, -0.18571202236975595, 0.0188573058279256, 228276000000, 
0.13052681702989616, 0.12236848004326135, 0.019400529592822242, 228378000000, 
0.07628005463019971, 0.032050669282266596, 0.01823144836704104, 228480000000, 
0.048423227681617, -0.27367863116093055, 0.017015339956114192, 228582000000, 
0.14763003050717333, 0.2378332529232454, 0.01815555418793267, 228684000000, 
0.09261721652805166, 0.1473132961547822, 0.019244698314456132, 228786000000, 
0.07212336853097479, -0.25168887325399514, 0.020824707704413317, 228888000000, 
0.16522356983999642, 0.24202117770648254, 0.021997610326601524, 228956000000, 
0.08653564249395984, 0.04804091320995019, 0.02159217205766207, 229058000000, 
0.0636862503611596, -0.33845773159612275, 0.021029697513007723, 229160000000, 
0.15151941341247865, 0.21661256972839604, 0.02011608708450654, 229262000000, 
0.05197463269900715, -0.03903872554050817, 0.017812019764843028, 229364000000, 
0.030127872946197676, -0.4046384682209366, 0.015574794603845565, 229466000000, 
0.12423692275584097, 0.24087430018944608, 0.013755961893403054, 229568000000, 
0.02896186116818833, -0.00388670592669782, 0.0122217771246818, 229670000000, 
-0.00044607708586430483, -0.41560999947235094, 0.010183513789211, 229772000000, 
0.049941854400486485, 0.06993331077432718, 0.005230509232187367, 229874000000, 
-0.025365880865562906, -0.08306601259899533, 0.0016086597632706183, 229976000000, 
-0.04565176683205863, -0.3186454041084837, -0.00140505288647567, 230078000000, 
-0.029521145907154045, -0.013850883471970462, -0.006702586240318372, 230180000000, 
-0.056012361806411115, -0.03453531658117496, -0.008745684969708253, 230282000000, 
-0.11172824496757272, -0.2740236635347289, -0.013150783512075858, 230384000000, 
-0.07010179854968074, -0.04696478914423208, -0.01585616035491097, 230486000000, 
-0.07112051742506897, 0.13535909180834582, -0.016863370729488163, 230588000000, 
-0.13634271182730984, -0.22080304425876365, -0.01850433518680397, 230656000000, 
-0.06711714872496799, 0.013344562333669948, -0.01830535853182312, 230758000000, 
-0.04390342743737308, 0.30813094796645585, -0.016490885865976728, 230860000000, 
-0.12022622022067181, -0.17703023831901274, -0.015416453092200858, 230962000000, 
-0.00646762544357482, 0.12478600664599415, -0.01137315154010798, 231064000000, 
0.03787417142236438, 0.5270013054767873, -0.005921311616125483, 231166000000, 
0.03378669614778529, 0.13418107197120036, 0.004346216141771656, 231268000000, 
0.11283968560220914, 0.2498850472661492, 0.012300036878157254, 231370000000, 
0.12767619890942938, 0.3129650092054803, 0.018286838710628254, 231472000000, 
0.20063684854877484, 0.29265720982188564, 0.029410182204027555, 231574000000, 
0.1808695919087986, 0.17731130999789735, 0.03394550929113352, 231676000000, 
0.15694362855288124, -0.14564406665297866, 0.03589667126736364, 231778000000, 
0.28767719806464254, 0.35602535385281314, 0.041699361235088155, 231880000000, 
0.19597581220584825, 0.13010727884322337, 0.0427064425882248, 231982000000, 
0.14833704601732767, -0.46446717349104955, 0.0421326704191879, 232084000000, 
0.29202977974950306, 0.3201798918121827, 0.042422842531511934, 232152000000, 
0.18597503953353967, 0.12545997838737333, 0.04175612435335803, 232254000000, 
0.1420630989334959, -0.4998889360533572, 0.04133786121443591, 232356000000, 
0.31028918706556174, 0.4143804917734069, 0.042555155035506484, 232458000000, 
0.17215738059131247, 0.10031427219272193, 0.04163397777269134, 232560000000, 
0.11288024894156545, -0.6580297937466543, 0.03968845443989598, 232662000000, 
0.356199047687745, 0.6134722236547752, 0.042749111814708196, 232764000000, 
0.19166627575837547, 0.2626200893893667, 0.04404970482584573, 232866000000, 
0.14029982811544162, -0.7196640652410112, 0.04587767677077081, 232968000000, 
0.40276968548044934, 0.7036780324069128, 0.04898238595695109, 233070000000, 
0.16828605519566853, 0.09328742360075637, 0.04742370458610397, 233172000000, 
0.12045001571299963, -0.941065565891499, 0.0461003837592745, 233274000000, 
0.3071761717904725, 0.4629670553160133, 0.039727482846609374, 233376000000, 
0.18320187460674575, 0.20917286297915375, 0.04072187080734786, 233478000000, 
0.4254160316197624, 0.3941328660976328, 0.061052938534465376, 233580000000, 
0.40228868363866777, 0.7302893634397399, 0.06739377265767839, 233682000000, 
0.3186372860139385, -0.355929152019413, 0.07642280008482458, 233750000000, 
0.6081155633816677, 0.6860895991433331, 0.0886027688689516, 233852000000, 
0.48309835357655007, 0.5482035585420385, 0.09399008019814374, 233954000000, 
0.4022434626190693, -0.6862403358753282, 0.09956382530515248, 234056000000, 
0.41582482583377045, -0.22424509247593205, 0.08674444280195932, 234158000000, 
0.7334591971327497, 1.1040524483789345, 0.10343516570570596, 234260000000, 
0.5696864324576618, 0.5128720220796378, 0.11459803036161212, 234362000000, 
0.602305063957677, -0.43718044391690875, 0.12703004623653924, 234464000000, 
0.47088994804200524, -0.3293216147188553, 0.1095254296304896, 234566000000, 
0.26660174562410677, -1.1190110611119009, 0.08931978384158594, 234668000000, 
0.4656376678680093, -0.01750760057998642, 0.08020862410227476, 234770000000, 
0.31861315814556435, 0.17337137507152525, 0.07005683810917869, 234872000000, 
0.20922319511526843, -0.854714909175803, 0.06623160140858947, 234974000000, 
0.21718813475175736, -0.33808341131269, 0.049668299200839344, 235076000000, 
0.24418940184387872, 0.11655402242870094, 0.04470671544739363, 235178000000, 
0.48245430307238935, 0.8842205610687732, 0.06292212264453503, 235280000000, 
0.3323615842219455, 0.29390727459355587, 0.07060035260921424, 235348000000, 
0.26876533398456404, -0.7122965636260844, 0.07223874808525993, 235450000000, 
0.21453144799687263, -0.39276712075024295, 0.05437722441355881, 235552000000, 
0.3590977717692091, 0.30110812594881686, 0.056159636916709714, 235654000000, 
0.2812481373971297, 0.22238896466752367, 0.05699182381088076, 235756000000, 
0.30442198205871596, -0.18225263236831046, 0.06298452608167032, 235858000000, 
0.2845047852290359, 0.010855492773020522, 0.058011660312325436, 235960000000, 
0.3943925423726292, 0.2999018677130442, 0.0655546206440254, 236062000000, 
0.26754762247257613, -0.056523875854865846, 0.06309633000494941, 236164000000, 
0.24937040449753745, -0.4834071262503059, 0.06075403795618285, 236266000000, 
0.4494058230234974, 0.6061940018364042, 0.06442158999957406, 236368000000, 
0.3246304027915653, 0.25086666098009275, 0.06822710868750667, 236470000000, 
0.278972618542941, -0.5681106816018547, 0.07020058962386691, 236572000000, 
0.6204889953923138, 0.9861953086691617, 0.08160613444845467, 236674000000, 
0.4445591317291546, 0.5519550439540454, 0.08960138304429395, 236776000000, 
0.36360535205922473, -0.8562788111102971, 0.09524356527871287, 236878000000, 
0.3889277924060939, -0.18543779774353583, 0.07980615174629821, 236980000000, 
0.6082748558019747, 0.8155650124758331, 0.09072053335115289, 237048000000, 
0.4493596648086945, 0.20143957467533533, 0.09643748753445087, 237150000000, 
0.39235427633606557, -0.7197352648863639, 0.09666591979644898, 237252000000, 
0.32485786054748833, -0.41500601420402056, 0.07777145344614989, 237354000000, 
0.5463626561096646, 0.5133612659119968, 0.08423831953288123, 237456000000, 
0.4486550428413587, 0.4126572743129013, 0.08799170396656744, 237558000000, 
0.4426185902054368, -0.34581355301409267, 0.09584241927709733, 237660000000, 
0.4688030168646965, 0.06715991341112597, 0.09067177666076613, 237762000000, 
0.7710156802856128, 1.0946569669339201, 0.1121624858237164, 237864000000, 
0.5340259428891483, 0.21740975341483937, 0.11825630933596384, 237966000000, 
0.472853672209258, -0.9938733602545161, 0.11852635302560129, 238068000000, 
0.8469048525780023, 1.0429296989628467, 0.12358563117842723, 238170000000, 
0.585624009780973, 0.3759011252390499, 0.12702550230454887, 238272000000, 
0.5137756142192318, -1.110430794529235, 0.12975363177188048, 238374000000, 
0.46911971753602155, -0.3883476408165047, 0.1045679561024151, 238476000000, 
0.8087121210972055, 0.9831216895932456, 0.11944049685683059, 238578000000, 
0.6069417822614788, 0.4594068824181908, 0.12565157472631372, 238646000000, 
0.4558124530601353, -1.1763322267902339, 0.12476442376125463, 238748000000, 
0.8098746331300142, 0.6764428362284512, 0.12484192456344188, 238850000000, 
0.5643888571291253, 0.3619213468966335, 0.12200506288795165, 238952000000, 
0.4466355698027452, -1.210796877757563, 0.12139327067079231, 239054000000, 
0.4232274954340369, -0.47053787231696137, 0.09561679482439384, 239156000000, 
0.5154619670181161, 0.22942132405123625, 0.09235500215032655, 239258000000, 
0.3841514341721919, -0.13025353753948346, 0.08818939310828965, 239360000000, 
0.8010732512964645, 0.9520376142611612, 0.11337911016578482, 239462000000, 
0.5503747621930336, 0.5540777600694725, 0.11570662984411267, 239564000000, 
0.4311885817466192, -1.232948898499484, 0.1188424396824078, 239666000000, 
0.7717602850016099, 0.7379517426952541, 0.1168882419294175, 239768000000, 
0.5486759943414407, 0.39162470864940485, 0.11677499073931132, 239870000000, 
0.3946432835952465, -1.2570566713545446, 0.11433863752921979, 239972000000, 
0.3954309982318023, -0.5108166536987946, 0.08925001841123263, 240074000000, 
0.7003903796354974, 1.0191569868008366, 0.09936431076416975, 240176000000, 
0.47656420148769374, 0.2704440108529715, 0.1048257052903329, 240244000000, 
0.4268941431652963, -0.9116541215673372, 0.10692324828589916, 240346000000, 
0.31016887615867317, -0.5546510844300686, 0.0809084813874442, 240448000000, 
0.20915573436423385, -0.7257946960035415, 0.06308125024588022, 240550000000, 
0.15837385725908681, -0.5059833963319545, 0.04517989785213292, 240652000000, 
0.474952764214406, 0.885990099500574, 0.056165490389181776, 240754000000, 
0.4239281865290633, 0.8851810975665882, 0.07048365386683707, 240856000000, 
0.417878505008753, -0.19024753068551004, 0.08778396371681482, 240958000000, 
0.41738484920364216, -0.02181112441807039, 0.08394610271609723, 241060000000, 
0.36301674351591406, -0.18287253830946315, 0.07988533984855395, 241162000000, 
0.5690113505860138, 0.5054216712745722, 0.08996086288703802, 241264000000, 
0.4972911322508685, 0.4475812957831815, 0.09528794842351977, 241366000000, 
0.4532070404120859, -0.3860143672464263, 0.10130063488326456, 241468000000, 
0.8082617935884352, 1.0365688711252223, 0.1172506644167593, 241570000000, 
0.6353629124036522, 0.6071862399718875, 0.12645544976027823, 241672000000, 
0.5757966130429591, -0.7748839351515868, 0.13462808793566974, 241774000000, 
0.5407414981259895, -0.3154047142588756, 0.11679340157150672, 241876000000, 
0.862592708589644, 0.955986985155616, 0.13194205465057285, 241944000000, 
0.706052930514554, 0.5510381079618816, 0.14062580914867917, 242046000000, 
0.5166698652539479, -1.1530761444523205, 0.13902103362387638, 242148000000, 
0.9008164799272871, 0.649211831375777, 0.14156928504638594, 242250000000, 
0.680777605183152, 0.5470257997640138, 0.1398842633576258, 242352000000, 
0.4890577535698668, -1.3725290878580676, 0.13804345591202039, 242454000000, 
0.4094901701237368, -0.9042914501980507, 0.1052883685917837, 242556000000, 
0.6407325475630283, 0.5055826466438718, 0.10261869808377545, 242658000000, 
0.370417721872742, -0.13024149416998254, 0.09470936263730048, 242760000000, 
0.26189105795127454, -1.2628049653725126, 0.084869421825803, 242862000000, 
0.5634258069834419, 0.643360283702333, 0.07971563912049723, 242964000000, 
0.20462575047413756, -0.19088435825712327, 0.06866284102725694, 243066000000, 
0.11588706753588052, -1.4917957981585381, 0.05892924166623067, 243168000000, 
0.4220495791593162, 0.7247460956172621, 0.04950415981128895, 243270000000, 
0.22064808216400045, 0.3492033820937331, 0.05057231525727981, 243372000000, 
0.21609547716835875, -0.6865136733031915, 0.05725287589944503, 243474000000, 
0.5077604199367713, 0.9570411259092363, 0.06296693195127537, 243542000000, 
0.3648004615168794, 0.4956832811617355, 0.07257709057480063, 243644000000, 
0.31738185138986696, -0.6345952284896813, 0.07932951552290118, 243746000000, 
0.6108068589104855, 0.8200213246453535, 0.08619927812114879, 243848000000, 
0.4348188128900865, 0.3914565383340651, 0.09086716821269594, 243950000000, 
0.4090731137763506, -0.6724458171137829, 0.0969799190384615, 244052000000, 
0.4849914754050484, 0.16724220838320628, 0.0885922268047657, 244154000000, 
0.7151183086603008, 1.0201506496131674, 0.10727885985611331, 244256000000, 
0.5763456382522216, 0.3045138761572441, 0.11843036148783805, 244358000000, 
0.5381052079940123, -0.5900436688876284, 0.12197127699376897, 244460000000, 
0.7199828155077705, 0.47879059085182973, 0.12229557745026697, 244562000000, 
0.5598311851285733, 0.07241992378187012, 0.12119461390869041, 244664000000, 
0.9729620373254368, 0.8432640727255544, 0.15018506919745206, 244766000000, 
0.9121496820419339, 1.174394989711202, 0.16299619363306295, 244868000000, 
0.722596648858451, -0.8345512948899528, 0.17384722454838814, 244970000000, 
0.7001842631408992, -0.7065513963367823, 0.15566203960275227, 245072000000, 
0.581156891972628, -0.4714658562860767, 0.1335958535981319, 245140000000, 
0.8805890565108125, 0.6013493112330445, 0.14412868077495597, 245242000000, 
0.7855625183450681, 0.6813520879081336, 0.1498205644552339, 245344000000, 
0.7155932866681454, -0.5499858994755572, 0.15878299076826838, 245446000000, 
0.6357213130447033, -0.4994706843345494, 0.14245847453719443, 245548000000, 
0.46811345348393685, -0.824932777280695, 0.12129520354645236, 245650000000, 
0.38684852830304584, -0.829575949138858, 0.09937888632211239, 245752000000, 
0.8143345289385004, 1.154070251515212, 0.11128643404836554, 245854000000, 
0.6827075109404521, 0.9861966087913542, 0.12559270454546656, 245956000000, 
0.6273764335260863, -0.6231936513747138, 0.1416278982270026, 246058000000, 
0.6655354624424092, -0.05724016166014293, 0.13170796046059652, 246160000000, 
0.6679319848420966, 0.13518517105336766, 0.13072292538737282, 246262000000, 
0.6063823323459165, -0.19717710032164235, 0.12932331864202815, 246364000000, 
0.6173178757855373, -0.16871369685519758, 0.12610881286490336, 246466000000, 
0.5755998951234089, -0.1026081240750254, 0.11995334021699085, 246568000000, 
0.9330169003420565, 1.052330081855064, 0.14172897808340018, 246670000000, 
0.9114975556274401, 1.1196588683467705, 0.16134095673952706, 246738000000, 
0.8570338249929077, -0.2532769178304961, 0.18010321873082696, 246840000000, 
0.7950868100211497, -0.38803581868763465, 0.1709078793760998, 246942000000, 
0.7292696736877715, -0.42588050435045394, 0.15875935391345528, 247044000000, 
1.0790139849529061, 0.9464239164391882, 0.17355803124412184, 247146000000, 
0.984771272503137, 0.8516719960512183, 0.1862036620762543, 247248000000, 
0.9152764722418358, -0.545791709036901, 0.19860411531319194, 247350000000, 
1.3286743984491194, 1.1463437531532745, 0.21524814287960617, 247452000000, 
1.161256137410917, 0.8199322172302703, 0.2270138005401248, 247554000000, 
0.9316017427960095, -1.3235755188436997, 0.22810215191040306, 247656000000, 
1.2674633900967183, 0.3540241756193378, 0.22402141802024297, 247758000000, 
1.036201946134393, 0.3486673444612783, 0.2156844719351414, 247860000000, 
0.867439640758884, -1.333412497792781, 0.21140699846599967, 247962000000, 
1.173141986908221, 0.45646680257942646, 0.20511890492009985, 248064000000, 
0.949209074225196, 0.2725647782210398, 0.19931938012615338, 248166000000, 
0.8313551059969795, -1.1392896030374715, 0.19691374447535975, 248268000000, 
1.2111426464219381, 0.8731119073224739, 0.19944712177627424, 248370000000, 
1.0324539157354908, 0.6703293657950379, 0.20499677787696055, 248438000000, 
0.8760853081128566, -1.1168577943636053, 0.2079787913513524, 248540000000, 
1.2047712439353013, 0.5743910939993683, 0.20755403118557655, 248642000000, 
1.0586527647267414, 0.6085581887129495, 0.20930062111832662, 248744000000, 
0.9181087120771756, -0.9555417728604191, 0.21210218138261455, 248846000000, 
1.2677509507293858, 0.696993953342148, 0.21630082850222018, 248948000000, 
1.027676102821136, 0.36522463581320164, 0.21423571770851316, 249050000000, 
0.8777277834733574, -1.3000772241867613, 0.21154365580159196, 249152000000, 
1.2751400551503478, 0.8248798410973723, 0.21203626276298942, 249254000000, 
1.0301131256845648, 0.5079511407040246, 0.21219873095388467, 249356000000, 
0.87816397417898, -1.3232536032378928, 0.21222781033425953, 249458000000, 
1.2181613264824729, 0.6268273359930269, 0.20842922842306782, 249560000000, 
0.9884403445495125, 0.36758790123510837, 0.20565104301406437, 249662000000, 
0.836835868790851, -1.271084858972073, 0.2028958359881891, 249764000000, 
1.1701494343004557, 0.6056969658364775, 0.1996950431760546, 249866000000, 
0.9387763305037751, 0.33980153904308014, 0.1963841089063388, 249968000000, 
0.7918314526603318, -1.261059938800413, 0.1933838144976375, 250036000000, 
1.0373204631999122, 0.3284804423204572, 0.1845285497576013, 250138000000, 
0.8926108749405683, 0.3359314076007884, 0.18145085272005415, 250240000000, 
0.7547317911408604, -0.9419622401968394, 0.17897754195208937, 250342000000, 
1.0422253221501683, 0.4987148240319998, 0.17930453254877315, 250444000000, 
0.8189591852942297, 0.21409131384456437, 0.17439441990568388, 250546000000, 
0.701161676060392, -1.1368788202992541, 0.1708230789003193, 250648000000, 
1.0526462452639067, 0.7789568665655899, 0.1715178071079019, 250750000000, 
0.7826687590835992, 0.27169027674402396, 0.16909844536052654, 250852000000, 
0.6261887290197832, -1.4215250541470785, 0.1641002488911526, 250954000000, 
1.0292857065310743, 0.8220564914915837, 0.1625428796422971, 251056000000, 
0.7911671621465297, 0.5499281104224885, 0.16310943984649248, 251158000000, 
0.6372667902112499, -1.3067297210660815, 0.1638479772592569, 251260000000, 
1.0413759354851508, 0.8340292444620704, 0.16465399252286203, 251362000000, 
0.8250922383281334, 0.6260848270562783, 0.16691566426830226, 251464000000, 
0.6677958298645386, -1.2452670187353743, 0.1689509335785215, 251566000000, 
1.0435035050413326, 0.7280375557106641, 0.16909277154893362, 251634000000, 
0.8471916075113766, 0.5979859254894601, 0.1705660628278165, 251736000000, 
0.67164075146252, -1.2395425119293753, 0.17082239093434862, 251838000000, 
0.9552543442749744, 0.36020912254532594, 0.16493911354992472, 251940000000, 
0.7924163162131406, 0.4025852158354019, 0.16128742746337565, 252042000000, 
0.620510084478821, -1.1158141993205113, 0.15787871633112904, 252144000000, 
0.9389709577615741, 0.4885154718281119, 0.15679315723023568, 252246000000, 
0.7031332539617545, 0.27541056494311195, 0.1508409530801433, 252348000000, 
0.5686476939701022, -1.2344108793049064, 0.14738346037956204, 252450000000, 
0.9447833032283393, 0.8055001642219491, 0.1477709500773464, 252552000000, 
0.7072468410750392, 0.46199715701645677, 0.14804518921823204, 252654000000, 
0.5785094330767304, -1.2209129005053627, 0.14870263849200727, 252756000000, 
0.9769526381065923, 0.8990193234385102, 0.15084726081722413, 252858000000, 
0.7315318780867577, 0.5100748167000909, 0.152466263284672, 252960000000, 
1.0888641075319174, 0.3730382314177505, 0.18648990824835115, 253062000000, 
0.886522913945238, 0.5166367861949342, 0.18046125997092755, 253164000000, 
0.7063142230097845, -1.275166281740443, 0.178780082965796, 253232000000, 
0.956413052657046, 0.23296712903936015, 0.16995001264080456, 253334000000, 
0.7640120765922669, 0.19232617860827453, 0.16178262348393982, 253436000000, 
1.0484874325017353, 0.3069145994822975, 0.1845941707834032, 253538000000, 
0.728826218667878, -0.11728619308129629, 0.16942171518412535, 253640000000, 
0.9210227177717163, -0.42488238243339654, 0.1798890912627553, 253742000000, 
0.66598786588533, -0.2094611759418267, 0.15438912015499495, 253844000000, 
0.9782557682518751, 0.1907768349338627, 0.17101775679392808, 253946000000, 
0.7313851284320552, 0.21799087515575058, 0.15837525083795068, 254048000000, 
0.5469496690078111, -1.4376869974802133, 0.1504393710461161, 254150000000, 
0.8073683609796625, 0.25327744182535766, 0.13904687722796857, 254252000000, 
0.55401889737164, 0.0235640945460965, 0.1272224618239409, 254354000000, 
0.8518830260640815, 0.14838221694806344, 0.14755135229435895, 254456000000, 
0.6066563766201492, 0.17545826416169716, 0.13417055333705805, 254558000000, 
0.4244097554961941, -1.424910901892958, 0.12552994387869498, 254660000000, 
0.658241255816022, 0.17194959731957615, 0.11262049252882435, 254762000000, 
0.45289525039525325, 0.09495164966353054, 0.10236975078049795, 254864000000, 
0.7456386224671014, 0.29132455550359815, 0.12378500857855844, 254932000000, 
0.5106411965046207, 0.19248648703122484, 0.11394500462446502, 255034000000, 
0.3603217220897741, -1.2843896679244244, 0.1077734360707664, 255136000000, 
0.5556257977100556, 0.14994867068478301, 0.09510591442029669, 255238000000, 
0.36461139436526846, 0.014298907584981238, 0.08537059427767321, 255340000000, 
0.5868283513354853, 0.10400851208476558, 0.10047103622738729, 255442000000, 
0.46623683861148346, 0.33875148082071666, 0.09451177228748248, 255544000000, 
0.5965949909885147, 0.032555465510097914, 0.1099773453956989, 255646000000, 
0.3979269707495112, -0.22769955953990748, 0.09738392002330062, 255748000000, 
0.6491406612887101, 0.17515223433398472, 0.1095775082017824, 255850000000, 
0.396207499030367, -0.005731572397147389, 0.09621834207123922, 255952000000, 
0.2837114601306785, -1.2180973371934385, 0.08860397469665036, 256054000000, 
0.5161332201864073, 0.3997524038534676, 0.07973681195649684, 256156000000, 
0.3095301871743761, 0.08606242347899196, 0.0739583244994308, 256258000000, 
0.5520474505320974, 0.11971410115230026, 0.09184739052619205, 256360000000, 
0.431973313267501, 0.4081437536437497, 0.08623673006493163, 256462000000, 
0.6432400293981992, 0.30397526288700627, 0.10848405287985317, 256530000000, 
0.3953054165399821, -0.12222632242506304, 0.09803458394704549, 256632000000, 
0.5932436572310191, -0.16665457389060037, 0.10878594021128003, 256734000000, 
0.3599741300779036, -0.11777095487359501, 0.08990154692326031, 256836000000, 
0.5545073566519199, -0.1291210019303309, 0.1005150095973895, 256938000000, 
0.381264462153861, 0.07096777358652477, 0.08638306325891229, 257040000000, 
0.6508358108049577, 0.3210948471767927, 0.10577384197404924, 257142000000, 
0.4072296905699231, 0.0865507613868736, 0.09595533090191612, 257244000000, 
0.6608117314447219, 0.033253068799214226, 0.11459181552130684, 257346000000, 
0.3983543632232227, -0.029584424489001265, 0.09775971901585785, 257448000000, 
0.5614179579940066, -0.3313125781690511, 0.10803893684413009, 257550000000, 
0.3331692607300565, -0.21728367497722076, 0.08619610546315239, 257652000000, 
0.49817535309779615, -0.21080868298736824, 0.09285083812145728, 257754000000, 
0.3116458609313544, -0.07174466599567368, 0.07619936498394714, 257856000000, 
0.4680645716464593, -0.10036927150445611, 0.08519238571170733, 257958000000, 
0.3069058936992821, -0.015799890773574205, 0.07244108841847305, 258060000000, 
0.4241438597222338, -0.14640237308075177, 0.07994095500453167, 258128000000, 
0.650282800273251, 1.1445896885798963, 0.09208883691298446, 258230000000, 
0.38566221519260413, -0.12827214843209886, 0.09733925834587259, 258332000000, 
0.5453937140075495, -0.34963028755233827, 0.10542258196489364, 258434000000, 
0.35375939688449276, -0.10634272769370456, 0.08565435507230976, 258536000000, 
0.4041870232932758, -0.47068896904757906, 0.0868893422790212, 258638000000, 
0.6024004924038102, 0.8288036517310582, 0.09068979417210525, 258740000000, 
0.3775340211861975, -0.08884334035692776, 0.09227476912555224, 258842000000, 
0.5258134297886223, -0.25529020871729297, 0.100383196225242, 258944000000, 
0.34859630433818967, -0.0964590561600261, 0.0834629170208673, 259046000000, 
0.36162989341131935, -0.54727845459101, 0.08240264183587542, 259148000000, 
0.5514184218618545, 0.6760737250788829, 0.08410964130742424, 259250000000, 
0.32334165257744196, -0.12762746944625794, 0.08242599785670772, 259352000000, 
0.42337245536465606, -0.42681988832399487, 0.08654216865359683, 259454000000, 
0.6380491094263103, 1.0490248561628945, 0.09231754782456056, 259556000000, 
0.3041656155205399, -0.39735613281372056, 0.09103914535410042, 259658000000, 
0.4537984348317423, -0.6141689153152267, 0.0930675439852395, 259760000000, 
0.6624089474365324, 1.1941444397199752, 0.09469153318592098, 259828000000, 
0.32649336572745447, -0.42435023034762615, 0.09618004986638194, 259930000000, 
0.46556162915643684, -0.6561577276003187, 0.09696426282136159, 260032000000, 
0.7230112558221491, 1.3217263003156487, 0.10100441671373603, 260134000000, 
0.288605208787851, -0.5898547345619526, 0.09847853958442913, 260236000000, 
0.3673709150146647, -1.1854678026916146, 0.09193249197497765, 260338000000, 
0.5206840589862971, 0.7735961673281536, 0.07844401218592086, 260440000000, 
0.23484088207191256, -0.4417667764758404, 0.07485972373819162, 260542000000, 
0.2931932693423809, -0.7583026321463874, 0.06991454736003937, 260644000000, 
0.4132505992174138, 0.5946990571516708, 0.06275231670878048, 260746000000, 
0.530425183729375, 0.7907730479566469, 0.08245793681927797, 260848000000, 
0.8035266555509426, 1.3009201877784293, 0.11648016256651543, 260950000000, 
0.44911935738362496, -0.27101942115250005, 0.1188714131109295, 261052000000, 
0.4837291034163811, -1.0659918404485385, 0.11575834109006324, 261154000000, 
0.566196017958156, 0.39025553524843676, 0.09993629858387747, 261256000000, 
0.7809096902516557, 0.990601956117582, 0.12205565410841285, 261358000000, 
0.40593145109798257, -0.5342152228672448, 0.11686914395385295, 261426000000, 
0.5684746976418151, -0.7081166420328019, 0.11702105593276356, 261528000000, 
0.7889667426196414, 1.276784305072196, 0.11755819275729594, 261630000000, 
0.4146987585916151, -0.5125864635006668, 0.11814267992353811, 261732000000, 
0.4944735578420232, -0.9816439492587273, 0.11320927060355197, 261834000000, 
0.6363010200304402, 0.7386742047960837, 0.10303155576427189, 261936000000, 
0.7223116008197716, 0.7594601432591616, 0.12353907857948233, 262038000000, 
0.3855569341791436, -0.835813619504322, 0.11627797033529036, 262140000000, 
0.49816784266380987, -0.7471458605198725, 0.10706909184418167, 262242000000, 
0.5387681722505817, 0.5107041269047937, 0.09483286327290234, 262344000000, 
0.6337228889054178, 0.4518501541386932, 0.11137726025465396, 262446000000, 
0.8354930441872725, 0.9890829064556361, 0.13386560702288483, 262548000000, 
0.5035502273472876, -0.4339088718604341, 0.13151774402933186, 262650000000, 
0.5670833928619299, -0.8946988377511422, 0.127075110959766, 262752000000, 
0.6209243450461917, 0.3912470589963468, 0.11277053101702728, 262854000000, 
0.8162894057088055, 0.8306867094895853, 0.1336198095744618, 262956000000, 
0.3352968656152129, -0.9520915981032626, 0.11816737442468067, 263024000000, 
0.36695188056128236, -1.4977917504917437, 0.10123587679235338, 263126000000, 
0.3963376254270621, 0.20346919937283067, 0.07323909144023716, 263228000000, 
0.4072477473127898, 0.13431955583835808, 0.07803581688674228, 263330000000, 
0.43077360564715494, 0.11478660073364289, 0.08229059855913379, 263432000000, 
0.5431404783030893, 0.4529757699676651, 0.0920774554175356, 263534000000, 
0.6005268252486311, 0.5658440653382538, 0.10496272727992502, 263636000000, 
0.7166484561044109, 0.5783599260044051, 0.12402105064374208, 263738000000, 
0.32009169535394255, -0.9347837663156285, 0.10915113178046564, 263840000000, 
0.3267079301062821, -1.299801753327096, 0.0908965387709757, 263942000000, 
0.30087668786260213, -0.06405002497113473, 0.06317842088818845, 264044000000, 
0.27651553748732605, -0.1673079753965201, 0.060273343697080685, 264146000000, 
0.4050800616096777, 0.3473445791569185, 0.06549815246397372, 264248000000, 
0.5647501243080448, 0.9607819560690626, 0.0830897148936699, 264350000000, 
0.21823232951566718, -0.6228257736467017, 0.07920416769555931, 264452000000, 
0.25324744046832404, -1.038342279465736, 0.0690819929528024, 264554000000, 
0.2689647038046674, 0.16910791429666747, 0.049362964919243905, 264656000000, 
0.2508180473510828, -0.008097977057470729, 0.05153534610827162, 264724000000, 
0.3834894010187111, 0.38174899071347895, 0.060218143478297424, 264826000000, 
0.48393224219201025, 0.7770473161364247, 0.07454931270412028, 264928000000, 
0.11895178539176854, -0.8817920520898085, 0.06575822857349932, 265030000000, 
0.14850628960191647, -1.118086508633646, 0.05009268781237968, 265132000000, 
0.14726651989353945, 0.09438244833923637, 0.027648306325814963, 265234000000, 
0.11611046523825674, -0.1079860812121991, 0.027458884982247512, 265336000000, 
0.19768316378016593, 0.16805547962208825, 0.030737343260797474, 265438000000, 
0.32197687024127575, 0.6862213500100633, 0.04238469995064656, 265540000000, 
0.30071919261295044, 0.34345342944261503, 0.054691948442292804, 265642000000, 
0.051387121741563124, -0.9019658283323754, 0.04493887897305262, 265744000000, 
0.04618419886410763, -0.8484499791628094, 0.02655270088124141, 265846000000, 
0.007977673635774174, -0.14469816035262983, 0.007036599616096329, 265948000000, 
-0.012332636247406104, -0.1950561170383791, 0.0027886157501650468, 266050000000, 
0.03616295465866637, 0.09395093674297399, 0.0021205328031356292, 266152000000, 
0.07898224385310293, 0.30438293366836344, 0.006854170817624213, 266254000000, 
0.11185281224294563, 0.25229952528093086, 0.015133200716980995, 266322000000, 
0.16656980703101176, 0.2919585439263628, 0.023826990875137354, 266424000000, 
0.04083766075292239, -0.2367171716334108, 0.02128401866845865, 266526000000, 
0.04067956569709974, -0.41963413777970676, 0.01653913556540226, 266628000000, 
0.039222924296301365, -0.005382454855403414, 0.008049343383088233, 266730000000, 
0.02994192605960544, -0.035792132124981, 0.007322961070200436, 266832000000, 
0.05213168698492332, 0.043029208962073184, 0.008086435822722008, 266934000000, 
0.08562405893480118, 0.18560710958398582, 0.011179844798621996, 267036000000, 
0.08211135126739233, 0.0999322142748967, 0.014657806479141122, 267138000000, 
0.08902533157912007, 0.011337575481062956, 0.017117382785420906, 267240000000, 
0.10057215146246445, 0.06153600065024042, 0.018113922287265122, 267342000000, 
0.011174867157865531, -0.25950154807084846, 0.013384823346630003, 267444000000, 
0.006042291798654897, -0.31509953221269854, 0.007852620694598992, 267546000000, 
0.005913238998157766, -0.017538760532359216, 0.0015420265303118796, 267648000000, 
0.0021487934271227083, -0.012978327905107298, 0.0009402882815956914, 267750000000, 
0.01820123353807146, 0.04095998179971231, 0.0017508843975567955, 267852000000, 
0.03268090483604613, 0.10177370469641141, 0.0035353954534160198, 267920000000, 
0.03476591466842516, 0.05521560376784566, 0.005709870202836183, 268022000000, 
0.042281680198216876, 0.032002584540569146, 0.007315233313512544, 268124000000, 
0.049175560788168315, 0.04803215373247719, 0.008414877043654023, 268226000000, 
0.05372975076899733, 0.03816023523593485, 0.009679132783692168, 268328000000, 
0.010111370549330534, -0.1302139674627926, 0.007534445473766412, 268430000000, 
0.009315249581704599, -0.14804833729097577, 0.004877091393335498, 268532000000, 
0.007039533055530622, -0.010239458312666372, 0.001764410212437717, 268634000000, 
0.004934871646486538, -0.014601259784060202, 0.0014193102855814506, 268736000000, 
0.013150821740968599, 0.020370962284793254, 0.0016750150961990506, 268838000000, 
0.022965280101977292, 0.06010136151830251, 0.0027367315659621617, 268940000000, 
0.02463746586090787, 0.0382888137331309, 0.004050237846923584, 269042000000, 
0.027553829912408734, 0.015295166034771471, 0.00501043839168626, 269144000000, 
0.029779996014388743, 0.01714176717826958, 0.005464752785847023, 269246000000, 
0.03049923918196651, 0.009818030898525917, 0.005855537673917599, 269348000000, 
0.007424541466289458, -0.07451818182699761, 0.00451358511084298, 269450000000, 
0.00698415730208346, -0.07838360626627683, 0.0029938625300226286, 269552000000, 
0.005818364577364843, -0.005353922963082051, 0.0013484708897158507, 269620000000, 
0.005030389104718758, -0.006512560657882342, 0.001188860732277804, 269722000000, 
0.008300124745876047, 0.008272533895037348, 0.0012765918951973098, 269824000000, 
0.011563027034952711, 0.02177545976744651, 0.0016595693923698344, 269926000000, 
0.011502307683989521, 0.010673943127044913, 0.0020910306309878854, 270028000000, 
0.012187501214953045, 0.002081580600001113, 0.002350189062259685, 270130000000, 
0.012636413837715299, 0.003780353845752593, 0.002421748182443858, 270232000000, 
0.012597703101574265, 0.0013673396220707328, 0.0024947745436161737, 270334000000, 
0.013436372631130844, 0.00266652931138515, 0.002578032638028027, 270436000000, 
0.015049339092913172, 0.00817211997112969, 0.0027388943217078856, 270538000000, 
0.016998056675868067, 0.011872280149124078, 0.0030322512266608057, 270640000000, 
0.0039005224969232977, -0.03716272198663292, 0.0023965278843803024, 270742000000, 
0.0037765018914783788, -0.04407184928129896, 0.0016450054042846495, 270844000000, 
0.0033499608888125643, -0.0018352053603691114, 0.0007351323518142827, 270946000000, 
0.002673554825520341, -0.0036764902198601255, 0.0006533345070540856, 271048000000, 
0.004381285193260975, 0.0034377476814947037, 0.000693653393839592, 271116000000, 
0.006195026441899731, 0.011738238721264635, 0.0008833244307120699, 271218000000, 
0.006450529464721466, 0.006897480904868303, 0.001135122739992145, 271320000000, 
0.007421450440142863, 0.004088079994143771, 0.001337800423117604, 271422000000, 
0.008029738231027927, 0.005264029221021538, 0.001460114542392817, 271524000000, 
0.008050754178923647, 0.002097679129269281, 0.0015667961900062957, 271626000000, 
0.00833042268069839, 0.0010022814989015434, 0.0016273943393766642, 271728000000, 
0.008886164392352569, 0.0027847007114297404, 0.001684489416798307, 271830000000, 
